{"Bleu_1": 0.40969185056587976, "Bleu_2": 0.29051546821764024, "Bleu_3": 0.1924239267339318, "Bleu_4": 0.12624483727733835, "METEOR": 0.20200729938961684, "CIDEr": 1.1059778347742886, "ROUGE_L": 0.42301057773937134, "SPICE": 0.2895770237052032}