{"Bleu_1": 0.38088485247369774, "Bleu_2": 0.23504213009406472, "Bleu_3": 0.1506752980435284, "Bleu_4": 0.09947410483702726, "METEOR": 0.18633117869379207, "CIDEr": 1.0568151389155322, "ROUGE_L": 0.34884682786049526, "SPICE": 0.2694291533358189}